company,total_laid_off,total_times_laid_off,first_layoff,last_layoff
Loft,1289,6,2020,2023
Swiggy,2880,5,2020,2023
Uber,7585,5,2020,2022
WeWork,1150,5,2020,2023
"Argo AI",682,4,2020,2022
Blend,860,4,2022,2023
Bounce,490,4,2020,2023
Gopuff,2300,4,2022,2022
Latch,335,4,2020,2022
Netflix,505,4,2022,2022
Ola,2800,4,2020,2023
OYO,1850,4,2020,2022
Patreon,151,4,2020,2022
Salesforce,10090,4,2020,2023
Shopify,1150,4,2020,2022
Vedantu,1109,4,2022,2022
Amazon,18150,3,2022,2023
Bolt,307,3,2022,2023
Bytedance,3750,3,2021,2023
Clearco,235,3,2022,2023
Coinbase,2110,3,2022,2023
Compass,1096,3,2020,2022
"Delivery Hero",556,3,2021,2023
Doma,1075,3,2022,2022
"Ethos Life",108,3,2020,2023
Glossier,249,3,2020,2022
Groupon,3800,3,2020,2023
Hootsuite,520,3,2022,2023
Intercom,212,3,2020,2022
Katerra,3074,3,2020,2021
Lyft,1742,3,2020,2022
Meesho,650,3,2020,2022
"New Relic",290,3,2020,2022
Oda,210,3,2022,2022
"Pear Therapeutics",143,3,2022,2022
Peloton,4084,3,2022,2022
Redfin,1568,3,2020,2022
ShareChat,701,3,2020,2023
Sonder,750,3,2020,2023
StockX,300,3,2020,2022
Trax,300,3,2020,2022
Twitter,3940,3,2022,2023
Unacademy,1500,3,2022,2022
Voi,265,3,2020,2022
Vroom,882,3,2022,2023
"Zeus Living",217,3,2020,2022
Zymergen,280,3,2020,2022
2TM,190,2,2022,2022
8x8,355,2,2022,2023
Airbnb,1930,2,2020,2023
Alice,176,2,2022,2022
Appgate,164,2,2022,2023
"Aqua Security",89,2,2020,2022
AvantStay,224,2,2022,2022
Balto,65,2,2022,2022
Better.com,3900,2,2021,2022
"Beyond Meat",240,2,2022,2022
Bird,544,2,2020,2022
Bitso,180,2,2022,2022
Bizzabo,220,2,2022,2022
Blockchain.com,260,2,2022,2023
Bonsai,59,2,2022,2022
Booking.com,4601,2,2020,2022
Brex,198,2,2020,2022
Brighte,88,2,2022,2022
"Built In",78,2,2020,2022
"Bustle Digital Group",43,2,2020,2023
Byju's,4000,2,2022,2023
Cameo,167,2,2022,2022
"Carbon Health",450,2,2022,2023
"Career Karma",82,2,2022,2023
Carvana,4000,2,2022,2022
Cerebral,685,2,2022,2023
"Chipper Cash",150,2,2022,2023
ChowNow,140,2,2022,2022
Chrono24,145,2,2022,2023
Clari,65,2,2022,2023
"Clear Capital",628,2,2022,2023
Clutch,226,2,2022,2023
ConsenSys,191,2,2020,2023
Crypto.com,2260,2,2022,2023
Cue,558,2,2022,2023
Curefit,920,2,2020,2020
Cybereason,300,2,2022,2022
DataRobot,270,2,2020,2022
Deliveroo,717,2,2020,2023
DocuSign,1351,2,2022,2023
EasyPost,125,2,2020,2020
Ebanx,402,2,2020,2022
Electric,222,2,2022,2023
Equitybee,49,2,2022,2023
Eventbrite,580,2,2020,2023
Everlane,257,2,2020,2023
FarEye,340,2,2022,2023
Flyhomes,500,2,2022,2022
Food52,41,2,2022,2022
Foodpanda,140,2,2022,2022
FrontRow,275,2,2022,2022
Fundbox,164,2,2020,2022
Gemini,168,2,2022,2023
Genesis,112,2,2022,2023
GoDaddy,981,2,2020,2023
Gokada,74,2,2022,2023
Gorillas,840,2,2022,2022
GoStudent,300,2,2022,2022
Homie,159,2,2022,2022
Hopin,380,2,2022,2022
Houzz,250,2,2020,2022
Hubilo,160,2,2022,2023
Huobi,575,2,2022,2023
Infarm,550,2,2022,2022
Innovaccer,335,2,2022,2023
Inspirato,239,2,2020,2023
"Integral Ad Science",190,2,2020,2022
Intel,544,2,2022,2023
iRobot,225,2,2022,2023
IronNet,145,2,2022,2022
Juul,1300,2,2020,2022
Kitopi,217,2,2020,2022
"Kitty Hawk",170,2,2020,2022
Klarna,800,2,2022,2022
Knotel,147,2,2020,2020
"Komodo Health",101,2,2020,2022
Kry,400,2,2022,2022
"Lambda School",84,2,2020,2021
Lattice,29,2,2020,2023
LEAD,140,2,2022,2023
Leafly,147,2,2020,2022
"Lending Club",685,2,2020,2023
"Lighter Capital",40,2,2020,2020
Lightico,40,2,2022,2023
LivePerson,223,2,2020,2022
Loggi,800,2,2022,2023
Loom,57,2,2022,2022
MakeMyTrip,700,2,2020,2020
MasterClass,199,2,2022,2023
McMakler,190,2,2022,2022
Mejuri,86,2,2020,2022
Metromile,160,2,2020,2022
MindBody,1100,2,2020,2022
"Mode Analytics",42,2,2020,2022
Monzo,285,2,2020,2020
Namogoo,45,2,2022,2023
Nate,60,2,2022,2022
Neon,280,2,2020,2023
Noom,995,2,2022,2022
Notarize,170,2,2022,2022
Nuro,307,2,2022,2022
Okta,324,2,2022,2023
"On Deck",145,2,2022,2022
OneFootball,212,2,2022,2023
OneTrust,1100,2,2020,2022
Opendoor,1150,2,2020,2022
Outreach,130,2,2022,2023
Outschool,74,2,2022,2022
PayPal,2083,2,2022,2023
PeerStreet,126,2,2020,2022
Philips,10000,2,2022,2023
Pipedrive,174,2,2020,2022
Playtika,850,2,2022,2022
Pollen,269,2,2020,2022
Quantcast,70,2,2020,2022
QuintoAndar,248,2,2020,2022
"Rad Power Bikes",163,2,2022,2022
RealSelf,51,2,2020,2022
RenoRun,280,2,2022,2022
Ribbon,306,2,2022,2022
RingCentral,80,2,2022,2023
Ritual,219,2,2020,2022
Rivian,880,2,2020,2023
Robinhood,1053,2,2022,2022
"Root Insurance",467,2,2022,2022
Rupeek,230,2,2022,2022
SalesLoft,155,2,2020,2023
Salsify,150,2,2020,2022
Sema4,750,2,2022,2022
Sendy,84,2,2022,2022
Shutterfly,1160,2,2021,2023
Skillz,91,2,2020,2022
Smava,200,2,2022,2022
Snyk,228,2,2022,2022
Socure,173,2,2022,2023
SoundHound,245,2,2022,2023
Splunk,395,2,2020,2023
Sprinklr,150,2,2022,2023
"Stitch Fix",1730,2,2020,2023
Stripe,1050,2,2022,2022
Swyftx,164,2,2022,2022
TaskUs,238,2,2022,2023
"The Predictive Index",99,2,2020,2022
"The RealReal",465,2,2020,2023
"The Zebra",90,2,2022,2022
TheSkimm,43,2,2020,2023
Thinkific,176,2,2022,2023
ThirdLove,75,2,2020,2020
Thumbtack,410,2,2020,2022
"Tier Mobility",260,2,2022,2023
TripleLift,123,2,2020,2023
Truepill,325,2,2022,2022
Twilio,2300,2,2022,2023
Udaan,530,2,2022,2022
UiPath,451,2,2022,2022
Unico,160,2,2022,2023
Unity,484,2,2022,2023
Upstart,505,2,2022,2023
Vee,33,2,2022,2022
"Velodyne Lidar",360,2,2020,2023
Veriff,129,2,2020,2023
"Vox Media",169,2,2022,2023
WanderJaunt,141,2,2020,2022
Wayfair,2620,2,2022,2023
Wheel,91,2,2022,2023
"WhiteHat Jr",2100,2,2021,2022
Wish,340,2,2022,2023
Wix,470,2,2022,2023
Yelp,1063,2,2020,2020
Zendesk,430,2,2022,2022
Zilingo,144,2,2020,2020
Zillow,2300,2,2021,2022
Zomato,620,2,2020,2022
Zoox,220,2,2020,2020
&Open,9,1,2022,2022
#Paid,19,1,2023,2023
"100 Thieves",12,1,2022,2022
"10X Genomics",100,1,2022,2022
1stdibs,70,1,2020,2020
54gene,95,1,2022,2022
6sense,150,1,2022,2022
99,75,1,2022,2022
Abra,12,1,2022,2022
Absci,40,1,2022,2022
Acast,70,1,2022,2022
Acko,45,1,2020,2020
Acorns,50,1,2020,2020
Actifio,54,1,2020,2020
Ada,78,1,2022,2022
"Ada Health",50,1,2022,2022
"Ada Support",36,1,2020,2020
"Adaptive Biotechnologies",100,1,2022,2022
Addepar,20,1,2023,2023
Adobe,100,1,2022,2022
AdRoll,210,1,2020,2020
Advata,32,1,2022,2022
Adwerx,40,1,2022,2022
Affirm,500,1,2022,2023
Afterverse,60,1,2022,2022
Agoda,1500,1,2020,2020
Ahead,44,1,2022,2022
Airtable,254,1,2022,2022
Airtame,15,1,2022,2022
Airtime,30,1,2022,2022
Ajaib,67,1,2022,2022
"Akili Labs",46,1,2023,2023
Akulaku,100,1,2020,2020
AlayaCare,80,1,2022,2022
Albert,20,1,2022,2022
Alerzo,400,1,2023,2023
"AliExpress Russia",400,1,2022,2022
Allbirds,23,1,2022,2022
"Alto Pharmacy",47,1,2020,2020
"Ambev Tech",50,1,2023,2023
Amdocs,700,1,2023,2023
"American Robotics",50,1,2023,2023
Amount,130,1,2022,2023
Amperity,13,1,2022,2022
Amplero,17,1,2020,2020
Anagram,17,1,2020,2020
Andela,135,1,2020,2020
AngelList,20,1,2020,2020
Anodot,35,1,2022,2022
"Antidote Health",23,1,2022,2022
Anywell,11,1,2022,2022
"Apartment List",29,1,2022,2022
"App Annie",80,1,2020,2020
AppLovin,300,1,2022,2022
ApplyBoard,90,1,2022,2022
Aqgromalin,80,1,2022,2022
Arc,13,1,2022,2022
Argyle,20,1,2022,2022
Armis,25,1,2022,2022
Arrival,800,1,2022,2023
"Arrive Logistics",75,1,2020,2020
Article,216,1,2022,2022
Articulate,38,1,2023,2023
Artnight,26,1,2022,2022
Asana,180,1,2022,2022
Aspire,23,1,2022,2022
Astra,40,1,2020,2022
Astronomer,76,1,2023,2023
"Atlas Obscura",15,1,2020,2020
Atlassian,500,1,2023,2023
AtoB,32,1,2022,2022
Atsu,6,1,2020,2020
AU10TIX,19,1,2023,2023
Augury,20,1,2023,2023
Aura,70,1,2022,2022
Autodesk,250,1,2023,2023
"Automation Anywhere",260,1,2020,2020
"Avantage Entertainment",5,1,2020,2020
Avo,500,1,2022,2022
Away,60,1,2020,2020
Aya,5,1,2020,2020
B8ta,250,1,2020,2020
Babylon,100,1,2022,2022
"Back Market",93,1,2022,2022
"Bamboo Health",52,1,2022,2022
Banxa,70,1,2022,2022
Bark,126,1,2023,2023
Baton,16,1,2022,2022
"Beam Benefits",31,1,2023,2023
BeeTech,30,1,2020,2020
Bench,47,1,2020,2020
Benevity,137,1,2023,2023
"Berlin Brands Group",100,1,2022,2022
Bestow,41,1,2022,2022
Betterfly,30,1,2022,2023
Betterment,28,1,2023,2023
Bevi,30,1,2020,2020
BeyondMinds,65,1,2022,2022
BharatAgri,40,1,2023,2023
"Big Fish Games",250,1,2020,2020
BigCommerce,180,1,2022,2022
BioMarin,120,1,2022,2022
BitMEX,75,1,2022,2022
BitOasis,9,1,2022,2022
Bitpanda,270,1,2022,2022
BitSight,40,1,2023,2023
BitTitan,70,1,2021,2021
BitTorrent,92,1,2023,2023
Bittrex,80,1,2023,2023
Bizongo,140,1,2020,2020
"Black Shark",900,1,2023,2023
Blackbaud,500,1,NULL,NULL
BlackBuck,200,1,2020,2020
BlackLine,95,1,2022,2022
"Bleacher Report",20,1,2020,2020
BlockFi,250,1,2022,2022
BloomTech,88,1,2022,2022
Blueground,130,1,2020,2020
BlueStacks,60,1,2022,2022
"Blume Global",30,1,2020,2020
Bluprint,137,1,2020,2020
Bonterra,140,1,2023,2023
BookClub,12,1,2022,2022
BookMyShow,270,1,2020,2020
Booksy,200,1,2020,2020
Booktopia,30,1,2023,2023
Boozt,70,1,2022,2022
Borrowell,15,1,2020,2020
"Bossa Nova",61,1,2020,2020
BounceX,77,1,2020,2020
Brainly,25,1,2022,2022
Branch,3,1,2020,2020
"Branch Metrics",100,1,2020,2020
"Brave Care",40,1,2022,2022
Breathe,50,1,2022,2022
Breather,120,1,2020,2020
"Bridge Connector",154,1,2020,2020
Bridgit,13,1,2022,2022
"Bright Machines",30,1,2022,2022
"Bright Money",100,1,2022,2022
Bringg,10,1,2020,2020
Britishvolt,206,1,2023,2023
Briza,26,1,2022,2022
Bryter,100,1,2022,2022
Buenbit,80,1,2022,2022
Builder,39,1,2020,2020
Bullhorn,100,1,2020,2020
Bullish,30,1,2022,2022
Bungalow,70,1,2022,2022
BusBud,23,1,2020,2020
Buser,160,1,2022,2022
"Butler Hospitality",1000,1,2022,2022
Button,48,1,2020,2020
"Buy.com / Rakuten",87,1,2020,2020
BuzzFeed,180,1,2022,2022
BVAccel,25,1,2020,2020
Bybit,600,1,2022,2022
C2FO,20,1,2022,2022
"C6 Bank",60,1,2020,2020
Cadre,28,1,2020,2020
Calibrate,156,1,2022,2022
Caliva,20,1,2020,2020
"Callisto Media",140,1,2022,2022
Calm,90,1,2022,2022
"Candy Digital",33,1,2022,2022
Canoo,58,1,2022,2022
"Capital One",1100,1,2023,2023
Capitolis,37,1,2022,2022
"Captain Fresh",120,1,2023,2023
CaptivateIQ,31,1,2022,2022
CarDekho,200,1,2020,2020
Cardlytics,51,1,2022,2022
Care.com,81,1,2020,2020
Careem,536,1,2020,2020
CarGurus,130,1,2020,2020
Carousell,110,1,2022,2022
Cars24,600,1,2022,2022
Carta,161,1,2020,2023
Carwow,70,1,2022,2022
"Cashfree Payments",100,1,2023,2023
Casper,78,1,2020,2020
Catalant,30,1,2020,2020
Catch.com.au,100,1,2023,2023
Cazoo,750,1,2022,2022
Celsius,150,1,2022,2022
Chainalysis,44,1,2023,2023
Chargebee,142,1,2022,2022
Checkmarx,100,1,2022,2022
Checkout.com,100,1,2022,2022
Checkr,64,1,2020,2020
Chessable,29,1,2022,2022
"Chili Piper",58,1,2022,2022
Chime,156,1,2022,2022
Chope,65,1,2022,2022
Circ,100,1,2020,2020
Cisco,4100,1,2022,2022
Citizen,33,1,2023,2023
"Citrine Informatics",22,1,2023,2023
CityMall,191,1,2022,2022
"Clarify Health",15,1,2022,2022
ClassPass,154,1,2020,2020
Clear,190,1,2022,2022
Clearbanc,17,1,2020,2020
CleverTap,60,1,2020,2020
ClickUp,60,1,2022,2022
Clinc,40,1,2020,2020
Cloudinary,40,1,2022,2022
Clue,31,1,2023,2023
Clyde,22,1,2022,2022
CNET,12,1,2023,2023
Code42,25,1,2020,2022
CodeCombat,8,1,2020,2020
"Coding Dojo",7,1,2020,2020
Cogito,24,1,2020,2020
Cognyte,100,1,2022,2022
CoinDCX,80,1,2023,2023
CoinJar,10,1,2022,2022
Coinsquare,30,1,2022,2022
CoinTracker,19,1,2023,2023
"Collective Health",54,1,2023,2023
"Color Health",300,1,2023,2023
Colossus,97,1,2022,2022
CommerceHub,371,1,2023,2023
CommonBond,22,1,2022,2022
Community,40,1,2022,2022
Compete,11,1,2022,2022
Confluent,221,1,2023,2023
Connected,17,1,2020,2020
Consider.co,13,1,2020,2020
ContaAzul,140,1,2020,2020
ContraFect,16,1,2022,2022
Convene,150,1,2020,2020
Convoy,90,1,2020,2022
Copper,35,1,2020,2020
"Coterie Insurance",30,1,2022,2022
Crayon,20,1,2020,2020
"Credit Sesame",22,1,2020,2020
Crejo.Fun,170,1,2022,2022
CrowdStreet,24,1,2020,2020
Cruise,150,1,2020,2020
Crunchyroll,85,1,2023,2023
"CS Disco",62,1,2023,2023
CTO.ai,30,1,2020,2020
"Culture Amp",36,1,2020,2020
"Culture Trip",95,1,2020,2020
Curative,109,1,2022,2022
Curology,150,1,2022,2022
Curve,65,1,2022,2022
Cvent,400,1,2020,2020
CyCognito,30,1,2022,2022
Cyren,121,1,2023,2023
D2iQ,34,1,2020,2020
"Daily Harvest",60,1,2022,2022
Daloopa,40,1,2022,2022
"Daniel Wellington",200,1,2022,2022
"Dapper Labs",134,1,2022,2023
Dark,6,1,2020,2020
DataRails,30,1,2022,2022
DataStax,15,1,2020,2020
Dazn,50,1,2022,2022
DealShare,100,1,2023,2023
"Definitive Healthcare",55,1,2023,2023
Deliv,669,1,2020,2020
"Deliveroo Australia",120,1,2022,2022
Dell,6650,1,2023,2023
Demandbase,27,1,2022,2022
Deputy,60,1,2020,2020
"Descartes Labs",12,1,2020,2020
DialSource,5,1,2020,2020
"Digital Currency Gruop",10,1,2022,2022
DigitalOcean,200,1,2023,2023
DISCO,75,1,2020,2020
"Divergent 3D",57,1,2020,2020
"Divvy Homes",40,1,2020,2022
divvyDOSE,62,1,2022,2022
Dock,190,1,2022,2022
Docly,8,1,2020,2020
Domestika,150,1,2022,2022
Domo,90,1,2020,2020
Dooly,12,1,2022,2022
DoorDash,1250,1,2022,2022
Dotscience,10,1,2020,2020
Dover,23,1,2022,2022
DraftKings,140,1,2023,2023
Drift,59,1,2023,2023
Drip,20,1,2020,2020
Drop,24,1,2022,2022
Dropbox,315,1,2021,2021
DSCO,12,1,2020,2020
Dukaan,23,1,2022,2022
Dutchie,50,1,2022,2022
"Dynamic Signal",35,1,2020,2020
Earnin,50,1,2020,2020
"Eat Just",40,1,2023,2023
Eatsy,20,1,2020,2020
Eaze,25,1,2022,2022
eBay,500,1,2023,2023
Ecobee,47,1,2020,2020
"Eden / Managed By Q",40,1,2020,2020
Edgio,95,1,2022,2022
Edifecs,30,1,2023,2023
eGym,100,1,2020,2020
Ejento,84,1,2020,2020
"Electronic Arts",200,1,2023,2023
"Element AI",62,1,2020,2020
"Element Analytics",10,1,2020,2020
Elementor,60,1,2022,2022
Elinvar,43,1,2022,2022
Embark,41,1,2023,2023
"Embark Trucks",230,1,2023,2023
Embroker,30,1,2022,2022
Emotive,30,1,2022,2022
"EMX Digital",100,1,2023,2023
Enjoei,31,1,2023,2023
Enjoy,400,1,2022,2022
Envato,100,1,2022,2022
Envoy,58,1,2020,2020
EquityZen,30,1,2022,2022
Ericsson,8500,1,2023,2023
Ermetic,30,1,2023,2023
Eruditus,40,1,2022,2022
Etermax,40,1,2022,2022
eToro,100,1,2022,2022
Eucalyptus,50,1,2022,2022
EverBridge,200,1,2022,2022
Evernote,129,1,2023,2023
EVgo,40,1,2023,2023
Exodus,59,1,2022,2022
Exotel,142,1,2023,2023
Expert360,7,1,2022,2022
Exterro,24,1,2023,2023
ezCater,400,1,2020,2020
F5,100,1,2022,2022
FabHotels,80,1,2020,2020
Fabric,120,1,2022,2022
Facily,260,1,2022,2022
Faire,84,1,2022,2022
Fareportal,200,1,2020,2020
"Fate Therapeutics",315,1,2023,2023
Favo,170,1,2022,2022
"Fifth Season",100,1,2022,2022
"Finite State",16,1,2022,2022
"Finleap Connect",14,1,2022,2022
Fireblocks,30,1,2023,2023
FiscalNote,30,1,2020,2020
Fittr,30,1,2023,2023
Fiverr,60,1,2022,2022
"Flatiron School",100,1,2020,2020
Flexport,640,1,2023,2023
Flipboard,24,1,2022,2022
Flockjay,37,1,2021,2021
Fluke,83,1,2022,2022
Flymya,200,1,2020,2020
Flytedesk,4,1,2020,2020
"Flywheel Sports",784,1,2020,2020
Flywire,60,1,2020,2020
Foodsby,87,1,2020,2020
ForeScout,100,1,2023,2023
Forma.ai,15,1,2022,2022
Forto,60,1,2022,2022
Forward,10,1,2020,2022
FourKites,60,1,2022,2022
Foxtrot,26,1,2022,2022
Fraazo,150,1,2022,2022
Freetrade,45,1,2022,2022
Freshbooks,38,1,2020,2020
FreshDirect,40,1,2022,2022
Freshly,329,1,2022,2022
Freshworks,90,1,2022,2022
Frontdesk,35,1,2020,2020
"Funding Circle",85,1,2020,2020
"Funding Societies",65,1,2020,2020
Furlenco,180,1,2022,2022
"G/O Media Group",14,1,2020,2020
G2,17,1,2020,2020
Gather,30,1,2022,2022
Geekwire,5,1,2020,2020
Gem,100,1,2022,2022
"Genome Medical",23,1,2022,2022
Getaround,100,1,2020,2023
Getir,100,1,2022,2023
GetNinjas,11,1,2020,2020
Getta,30,1,2022,2022
GetYourGuide,90,1,2020,2020
GitLab,130,1,2023,2023
Gitpod,21,1,2023,2023
Glassdoor,300,1,2020,2020
Glints,198,1,2022,2022
Glitch,18,1,2020,2020
Glovo,250,1,2023,2023
GoBear,22,1,2020,2020
GoBolt,55,1,2023,2023
GoFundMe,94,1,2022,2022
GoHealth,800,1,2022,2022
Gojek,430,1,2020,2020
Gong,80,1,2023,2023
Goodfood,70,1,2022,2022
GoodRx,140,1,2022,2022
Google,12000,1,2023,2023
GoPro,200,1,2020,2020
GoSpotCheck,23,1,2020,2020
"GoTo Group",1300,1,2022,2022
Grab,360,1,2020,2020
Gramophone,75,1,2023,2023
GrayMeta,20,1,2020,2020
"Greenhouse Software",120,1,2020,2020
Greenlight,104,1,2023,2023
Grin,60,1,2022,2022
"Group Nine Media",50,1,2020,2020
Grover,40,1,2022,2022
"Guardant Health",130,1,2023,2023
GumGum,90,1,2020,2020
Gusto,126,1,2023,2023
Gympass,467,1,2020,2020
"Happy Money",158,1,2022,2022
Harappa,60,1,2023,2023
Hash,58,1,2022,2022
HashiCorp,69,1,2023,2023
Havenly,5,1,2020,2020
Headspace,50,1,2022,2022
Healthcare.com,149,1,2022,2022
HealthifyMe,150,1,2022,2022
HealthMatch,18,1,2022,2022
Hedvig,12,1,2022,2022
HelloFresh,611,1,2022,2022
Help.com,16,1,2020,2020
"Her Campus Media",10,1,2020,2020
Heroes,24,1,2022,2022
Heycar,73,1,2023,2023
Hibob,70,1,2020,2020
HighRadius,25,1,2022,2022
Highsnobiety,51,1,2020,2020
Highspot,100,1,2023,2023
"Hippo Insurance",70,1,2022,2022
Hirect,200,1,2022,2022
Hireology,36,1,2020,2020
Hodlnaut,40,1,2022,2022
Hologram,80,1,2022,2022
Homebot,18,1,2022,2022
Homepoint,113,1,2022,2022
HOOQ,250,1,2020,2020
HopSkipDrive,8,1,2020,2020
"Horizn Studios",15,1,2020,2020
Hotmart,227,1,2022,2022
HP,100,1,2023,2023
Hubba,45,1,2021,2021
HubSpot,500,1,2023,2023
HuffPo,47,1,2021,2021
Humble,10,1,2022,2022
Humu,26,1,2020,2020
Hunty,30,1,2022,2022
Hydrow,30,1,2022,2023
Hyperscience,100,1,2022,2022
IBM,3900,1,2023,2023
Ibotta,87,1,2020,2020
ID.me,130,1,2022,2022
Ideoclick,40,1,2022,2022
iFit,300,1,2022,2022
Iflix,50,1,2020,2020
iFood,355,1,2023,2023
Ike,10,1,2020,2020
Illumina,500,1,2022,2022
"Immersive Labs",38,1,2022,2022
Immutable,20,1,2022,2023
Impala,30,1,2022,2022
"Imperfect Foods",50,1,2022,2022
"Impossible Foods",50,1,2022,2022
"Impossible Foods copy",140,1,2023,2023
"Incredible Health",9,1,2020,2020
InDebted,40,1,2022,2022
Indigo,80,1,2021,2021
Industrious,90,1,2020,2020
InfluxData,65,1,2022,2022
Informatica,450,1,2023,2023
InfoSum,20,1,2022,2022
Inmobi,50,1,2023,2023
Innovid,40,1,2023,2023
Inscripta,43,1,2022,2022
Instacart,1877,1,2021,2021
Instamojo,6,1,2020,2020
Instructure,150,1,2020,2020
Intapp,45,1,2020,2020
Integrate.ai,26,1,2020,2020
Intersect,19,1,2020,2020
Intrinsic,40,1,2023,2023
Introhive,57,1,2022,2022
Intuit,715,1,2020,2020
InVision,22,1,2021,2022
Invitae,1000,1,2022,2022
Involves,70,1,2022,2022
"iPrice Group",50,1,2022,2022
"Iris Nova",9,1,2020,2020
IRL,25,1,2022,2022
"Iron Ox",50,1,2022,2022
"Jam City",200,1,2022,2022
Jama,12,1,2020,2020
JD.ID,200,1,2022,2022
Jellysmack,208,1,2022,2023
JetClosing,20,1,2020,2022
Jetty,35,1,2020,2020
Jimdo,50,1,2022,2022
Jiobit,6,1,2020,2020
Jobcase,39,1,2020,2020
JOKR,50,1,2022,2022
Jumia,900,1,2022,2022
Jumio,100,1,2023,2023
Jump,500,1,2020,2020
Jumpcloud,100,1,2023,2023
Juni,72,1,2022,2022
"Just Eat Takeaway",390,1,2022,2022
Kabam,35,1,2022,2022
Kaltura,75,1,2022,2023
Karat,47,1,2023,2023
Kavak,150,1,2022,2022
"Kayak / OpenTable",160,1,2020,2020
KeepTruckin,349,1,2020,2020
Kenoby,18,1,2020,2020
Khoros,120,1,2022,2022
Kiavi,39,1,2022,2022
Kickstarter,25,1,2020,2020
Kinde,8,1,2023,2023
KiwiCo,40,1,2022,2022
Klook,300,1,2020,2020
Knock,115,1,2022,2022
"Kodiak Robotics",15,1,2020,2020
Koho,15,1,2022,2023
Koinly,16,1,2022,2022
KoinWorks,70,1,2022,2022
Konfio,180,1,2022,2022
Kongregate,12,1,2020,2020
Kontist,50,1,2022,2022
Koo,40,1,2022,2022
Kraken,1100,1,2022,2022
Kuda,23,1,2022,2022
Kueski,90,1,2020,2020
Kyruus,70,1,2023,2023
Labelbox,36,1,2022,2022
Labster,40,1,2020,2020
Lacework,300,1,2022,2022
"Ladder Life",13,1,2020,2020
"Lam Research",1300,1,2023,2023
Landing,110,1,2022,2022
Lastline,50,1,2020,2020
Lawgeex,30,1,2022,2022
Laybuy,45,1,2022,2022
LeafLink,80,1,2022,2022
LearnUpon,27,1,2023,2023
Legible,23,1,2022,2022
Lemon,100,1,2022,2022
Lemonade,52,1,2022,2022
Lendi,100,1,2023,2023
Lendingkart,500,1,2020,2020
LendingTree,200,1,2022,2022
Lendis,18,1,2022,2022
Lev,30,1,2022,2022
Lever,86,1,2020,2020
Lido,150,1,2022,2022
Liftoff,130,1,2022,2022
"Lighthouse Labs",14,1,2020,2020
Lightricks,80,1,2022,2022
"Lightspeed Commerce",300,1,2023,2023
Lime,80,1,2020,2020
Limelight,13,1,2021,2021
LinkedIn,960,1,2020,2020
Linkfire,35,1,2022,2022
Linktree,50,1,2022,2022
Lithic,27,1,2022,2022
"Liv Up",100,1,2022,2022
LiveTiles,50,1,2020,2020
Livspace,450,1,2020,2020
Loftium,32,1,2020,2020
Loftsmart,25,1,2020,2020
"Loja Integrada",25,1,2022,2022
Lokalise,76,1,2022,2022
Lola,34,1,2020,2020
Loop,15,1,2022,2022
Loopio,11,1,2020,2020
LoopMe,8,1,2020,2020
"Lucira Health",26,1,2023,2023
Lummo,150,1,2022,2022
Lunchbox,60,1,2022,2022
Luno,330,1,2023,2023
Lusha,30,1,2022,2022
"Luxury Presence",44,1,2023,2023
Lyric,100,1,2020,2020
Lyst,50,1,2022,2022
M1,38,1,2022,2022
MadeiraMadeira,60,1,2022,2022
"Magic Eden",22,1,2023,2023
"Magic Leap",1000,1,2020,2020
Magicbricks,250,1,2020,2020
Mainstreet,45,1,2022,2022
MakerBot,12,1,2020,2020
Malwarebytes,125,1,2022,2022
Mapbox,64,1,2023,2023
Marketforce,54,1,2022,2022
Matrixport,29,1,2023,2023
Matterport,90,1,2020,2020
Maven,31,1,2020,2020
MaxMilhas,167,1,2020,2020
"Me Poupe",60,1,2023,2023
Medallia,59,1,2023,2023
MediaMath,53,1,2020,2020
MediBuddy,200,1,2023,2023
Meero,350,1,2022,2022
Melio,60,1,2022,2022
"Meow Wolf",201,1,2020,2020
Merative,200,1,2023,2023
Mercos,51,1,2020,2020
Meta,11000,1,2022,2022
Metigy,75,1,2022,2022
MFine,600,1,2022,2022
Microsoft,10000,1,2023,2023
Mindstrong,127,1,2023,2023
Minted,147,1,2020,2020
"Minute Media",50,1,2023,2023
Miro,119,1,2023,2023
"Misfits Market",649,1,2023,2023
Mixpanel,65,1,2020,2020
"Mobile Premier League",100,1,2022,2022
Moglix,40,1,2023,2023
Mogo,78,1,2020,2020
Moladin,360,1,2023,2023
Momentive,180,1,2022,2023
Monese,35,1,2020,2020
Moovel,28,1,2020,2020
Moss,70,1,2022,2022
Motive,237,1,2022,2022
Movidesk,33,1,2020,2020
Mozilla,250,1,2020,2020
Mural,90,1,2022,2022
Mux,40,1,2022,2022
MX,200,1,2022,2022
MyGate,200,1,2023,2023
N26,9,1,2020,2020
Namely,110,1,2020,2020
Nav,30,1,2020,2020
Navi,40,1,2020,2020
"NCC Group",125,1,2023,2023
nCino,100,1,2023,2023
Nestcoin,30,1,2022,2022
NetApp,960,1,2023,2023
Netlify,48,1,2022,2022
"Newfront Insurance",94,1,2020,2020
"Next Insurance",150,1,2022,2022
Niantic,85,1,2022,2022
Ninjacart,200,1,2021,2021
"Nomad Health",119,1,2023,2023
NS8,240,1,2020,2020
NSO,100,1,2022,2022
Numbrs,62,1,2020,2020
NuoDB,20,1,2020,2020
Nuri,45,1,2022,2022
Nutanix,270,1,2022,2022
NYDIG,110,1,2022,2022
Nylas,80,1,2022,2022
"O'Reilly Media",75,1,2020,2020
Ocavu,20,1,2022,2022
"OFFOR Health",16,1,2023,2023
"Oh My Green",40,1,2020,2020
OKCredit,30,1,2022,2022
Olive,450,1,2022,2022
"Olive AI",215,1,2023,2023
"OLX Group",1500,1,2023,2023
"OLX India",250,1,2020,2020
Omie,136,1,2020,2020
OneWeb,451,1,2020,2020
Opal,20,1,2020,2020
Opencare,18,1,2020,2020
Openpay,83,1,2023,2023
OpenWeb,14,1,2022,2022
OpenX,35,1,2020,2020
Oportun,155,1,2023,2023
Optimizely,60,1,2020,2020
Oracle,200,1,2022,2022
OrCam,62,1,2022,2022
Orchard,180,1,2022,2022
Oriente,400,1,2020,2020
"Oscar Health",70,1,2020,2020
Otonomo,80,1,2022,2022
OutboundEngine,52,1,2020,2020
Outbrain,38,1,2022,2022
Outside,87,1,2022,2022
Overtime,30,1,2020,2020
OwnBackup,170,1,2022,2022
"Oye Rickshaw",40,1,2022,2022
Pacaso,100,1,2022,2022
Packable,138,1,2022,2022
"PACT Pharma",94,1,2022,2022
Pagarbook,80,1,2021,2021
Pagaya,140,1,2023,2023
PagBank,500,1,2023,2023
PaisaBazaar,1500,1,2020,2020
Palantir,75,1,2023,2023
Pana,18,1,2020,2020
"Panda Squad",6,1,2020,2020
"Parallel Wireless",60,1,2022,2022
Parler,60,1,2023,2023
Parsable,40,1,2020,2020
PartnerStack,40,1,2023,2023
Passport,44,1,2020,2020
PatientPop,100,1,2020,2020
"Pavilion Data",96,1,2022,2022
Payfactors,46,1,2020,2020
PayFit,200,1,2023,2023
PayJoy,27,1,2020,2020
PaySense,40,1,2020,2020
Paytm,500,1,2020,2020
PayU,150,1,2022,2022
"Pecan AI",30,1,2023,2023
Peek,45,1,2020,2020
Peerspace,41,1,2020,2020
Pegasystems,245,1,2023,2023
Pendo,45,1,2022,2022
People.ai,30,1,2020,2020
"Perimeter 81",20,1,2022,2022
Perion,20,1,2022,2022
PerkSpot,10,1,2020,2020
Permutive,30,1,2022,2022
Personetics,30,1,2023,2023
PetLove,94,1,2023,2023
PharmEasy,40,1,2022,2022
PickYourTrail,70,1,2020,2020
"Pico Interactive",400,1,2023,2023
Picsart,90,1,2022,2022
Pier,111,1,2023,2023
Pinterest,150,1,2023,2023
Pipl,22,1,2022,2022
Pitch,59,1,2022,2022
Plaid,260,1,2022,2022
Planetly,200,1,2022,2022
Plato,29,1,2022,2022
Playdots,65,1,2022,2022
Pleo,150,1,2022,2022
Pliops,12,1,2022,2022
Plum,36,1,2022,2022
Pluralsight,400,1,2022,2022
"Pocket Aces",50,1,2023,2023
Pocketmath,21,1,2021,2021
Polarr,10,1,2020,2020
PolicyGenius,170,1,2022,2022
"Politico / Protocol",13,1,2020,2020
Polly,47,1,2022,2022
Polygon,100,1,2023,2023
"Pomelo Fashion",55,1,2022,2022
Postmates,180,1,2021,2021
Postscript,43,1,2022,2022
Preply,26,1,2022,2022
Primer,85,1,2022,2022
Privitar,20,1,2021,2021
Procore,180,1,2020,2020
Productboard,100,1,2022,2022
Project44,63,1,2022,2022
Properly,71,1,2022,2022
Proterra,300,1,2023,2023
Protocol,60,1,2022,2022
"Protocol Labs",89,1,2023,2023
PuduTech,1500,1,2022,2022
"Pulse Secure",78,1,2020,2020
Puppet,50,1,2020,2022
Q4,50,1,2022,2022
Qualcomm,153,1,2022,2022
Qualtrics,270,1,2023,2023
Quandoo,87,1,2021,2021
"Quanergy Systems",72,1,2022,2022
Quanterix,130,1,2022,2022
Quanto,28,1,2022,2022
Quartz,80,1,2020,2020
Quicko,60,1,2022,2022
Quidax,20,1,2022,2022
Qumulo,80,1,2022,2022
Raken,60,1,2020,2020
Rangle,78,1,2020,2020
Rasa,59,1,2022,2022
Reali,140,1,2022,2022
Recharge,84,1,2022,2022
"Recur Forever",235,1,2022,2022
"Redesign Health",67,1,2022,2022
Redox,44,1,2020,2020
"REE Automotive",31,1,2023,2023
Reef,750,1,2022,2022
Relativity,150,1,2022,2022
Relevel,40,1,2023,2023
Remedy,82,1,2020,2020
Remote,100,1,2022,2022
"Remote Year",50,1,2020,2020
Renmoney,391,1,2020,2020
"Repertoire Immune Medicines",65,1,2022,2022
Replicated,50,1,2022,2022
ResearchGate,25,1,2022,2022
Restaurant365,175,1,2020,2020
Rev.com,85,1,2022,2022
Revelate,24,1,2022,2022
Revolut,60,1,2020,2020
Rhino,57,1,2022,2022
Rhumbix,16,1,2020,2020
Ridecell,35,1,2020,2020
RigUp,120,1,2020,2020
"Riot Games",46,1,2023,2023
"Rock Content",100,1,2020,2023
Roku,200,1,2022,2022
Rover,194,1,2020,2020
Rows,18,1,2022,2022
"Rubicon Project",50,1,2020,2020
Rubius,160,1,2022,2022
Rubrik,57,1,2020,2020
Ruggable,100,1,2023,2023
SafeGraph,27,1,2022,2022
"Sage Therapeutics",340,1,2020,2020
Saks.com,100,1,2023,2023
"Sales Boomerang",20,1,2022,2022
Sami,75,1,2022,2022
Samsara,300,1,2020,2020
Sanar,60,1,2022,2022
"Sandbox VR",80,1,2020,2020
SAP,3000,1,2023,2023
"SAP Labs",300,1,2023,2023
"Sauce Labs",30,1,2020,2020
ScaleFactor,90,1,2020,2020
ScaleFocus,120,1,2020,2020
"Science 37",90,1,2022,2022
Scoop,92,1,2020,2020
Sea,350,1,2022,2022
Section4,32,1,2022,2022
SecureWorks,212,1,2023,2023
Seegrid,90,1,2022,2022
Segment,50,1,2020,2020
SellerX,28,1,2022,2022
SEND,300,1,2022,2022
Sendle,27,1,2022,2022
Sensibill,17,1,2020,2020
ServiceTitan,221,1,2023,2023
Shakepay,21,1,2023,2023
"Share Now",150,1,2022,2022
Sharethrough,18,1,2020,2020
Shef,29,1,2022,2022
"Shelf Engine",43,1,2022,2022
Sherpa,22,1,2022,2022
Shippo,60,1,2022,2022
Shipsi,20,1,2020,2020
Shogun,48,1,2022,2022
Shop101,200,1,2020,2020
Showpad,52,1,2020,2020
Shuttl,40,1,2020,2020
"Sidecar Health",110,1,2022,2022
Sigfox,64,1,2022,2022
SimilarWeb,120,1,2022,2022
"Simon Data",6,1,2020,2020
"Simple Feast",150,1,2022,2022
Sinch,150,1,2022,2022
SIRCLO,160,1,2022,2022
SirionLabs,130,1,2023,2023
SiriusXM,475,1,2023,2023
Sisense,80,1,2020,2020
Siteimprove,40,1,2020,2020
Skai,30,1,2022,2022
Skedulo,31,1,2022,2022
Sketch,80,1,2022,2022
Skillshare,31,1,2022,2022
SkipTheDishes,350,1,2022,2022
Skit.ai,115,1,2023,2023
Skyscanner,300,1,2020,2020
SkySlope,50,1,2020,2020
SmartNews,120,1,2023,2023
Smartsheet,85,1,2023,2023
Snap,1280,1,2022,2022
Snappy,100,1,2023,2023
Snowplow,40,1,2023,2023
SoFi,112,1,2020,2020
"Software AG",200,1,2023,2023
Sojern,300,1,2020,2020
Soluto,120,1,2022,2022
"Sono Motors",300,1,2023,2023
Sonos,174,1,2020,2020
Sophos,450,1,2023,2023
Sourcegraph,24,1,2022,2022
Spin,78,1,2022,2022
Splice,23,1,2022,2022
Splyt,57,1,2022,2022
SpotHero,40,1,2020,2020
Spotify,600,1,2023,2023
Springbig,37,1,2022,2022
Spyce,4,1,2020,2020
SQream,30,1,2022,2022
SSense,138,1,2023,2023
"Stack Overflow",40,1,2020,2020
Starry,100,1,2022,2023
"Starship Technologies",30,1,2020,2020
Stash,32,1,2022,2022
"Stash Financial",40,1,2022,2022
Stashaway,31,1,2022,2022
Stax,24,1,2023,2023
"Stay Alfred",221,1,2020,2020
Stedi,23,1,2022,2022
Stint,28,1,2022,2022
Stone,1300,1,2020,2020
Stoqo,250,1,2020,2020
Stord,59,1,2022,2022
Storytel,100,1,2022,2022
Stream,20,1,2022,2022
StreamElements,40,1,2022,2023
StrongDM,40,1,2023,2023
StubHub,200,1,2020,2020
Studio,33,1,2022,2022
StudySmarter,70,1,2022,2022
Stytch,19,1,2023,2023
Submittable,30,1,2020,2020
Substack,13,1,2022,2022
SummerBio,101,1,2022,2022
SumUp,100,1,2022,2022
Sunday,90,1,2022,2022
SundaySky,24,1,2022,2022
Superhuman,23,1,2022,2022
Superloop,30,1,2020,2020
Superpedestrian,35,1,2022,2022
Swappie,250,1,2022,2022
Sweetgreen,35,1,2020,2020
SWVL,400,1,2022,2022
Swyft,10,1,2022,2022
Synamedia,200,1,2023,2023
SynapseFI,63,1,2020,2020
Synapsica,30,1,2022,2022
Synergysuite,5,1,2020,2020
Synopsys,100,1,2023,2023
Synthego,105,1,2022,2022
Syte,13,1,2022,2022
Taboola,100,1,2022,2022
Takl,130,1,2020,2020
Tally,28,1,2020,2020
"Tamara Mellon",20,1,2020,2020
Tanium,30,1,2021,2021
"Tapps Games",10,1,2022,2022
TCR2,30,1,2022,2023
Teachmint,45,1,2022,2022
TealBook,34,1,2022,2022
Teamwork,21,1,2020,2020
TechTarget,60,1,2022,2022
"Teladoc Health",300,1,2023,2023
Teleport,15,1,2022,2022
"Tempo Automation",54,1,2022,2022
Tencent,300,1,2023,2023
Textio,30,1,2020,2020
TextNow,22,1,2022,2022
"The Athletic",46,1,2020,2020
"The Grommet",40,1,2022,2022
"The Guild",38,1,2020,2020
"The Iconic",69,1,2023,2023
"The Mom Project",54,1,2022,2022
"The Org",13,1,2022,2022
"The Sill",20,1,2020,2020
"The Wing",56,1,2020,2022
Thimble,20,1,2022,2022
"Thirty Madison",24,1,2022,2022
Thoughtworks,500,1,2023,2023
Thread,30,1,2022,2022
ThredUp,243,1,2021,2022
Thriver,75,1,2020,2020
Tidepool,18,1,2020,2020
Tiendanube,50,1,2022,2022
TIFIN,24,1,2022,2022
"TikTok India",40,1,2023,2023
"Till Payments",120,1,2023,2023
"Tilting Point",60,1,2023,2023
Tipalti,123,1,2023,2023
Toast,1300,1,2020,2020
Tomo,44,1,2022,2022
Tomorrow,30,1,2022,2022
TomTom,500,1,2022,2022
Tonal,262,1,2022,2022
Tonkean,23,1,2022,2022
"Top Hat",16,1,2020,2020
Toppr,350,1,2022,2022
Tor,13,1,2020,2020
TouchBistro,131,1,2020,2020
Transfix,24,1,2020,2020
"Transmit Security",27,1,2022,2022
TravelBank,20,1,2020,2020
Traveloka,100,1,2020,2020
TravelTriangle,250,1,2020,2020
Treehouse,41,1,2021,2021
Trell,300,1,2022,2022
TripActions,300,1,2020,2020
TripAdvisor,900,1,2020,2020
Tripbam,10,1,2020,2020
Triplebyte,15,1,2020,2020
"Trove Recommerce",13,1,2020,2020
TrueCar,219,1,2020,2020
TrueLayer,40,1,2022,2022
Truiloo,24,1,2022,2022
Trustly,120,1,2022,2022
Trybe,47,1,2022,2022
Tufin,55,1,2022,2022
Tul,100,1,2023,2023
"Tulip Retail",14,1,2020,2020
Turnitin,51,1,2022,2022
Turo,108,1,2020,2020
TuSimple,350,1,2022,2022
TutorMundi,4,1,2020,2020
Twiga,211,1,2022,2022
"Twine Solutions",30,1,2023,2023
UalÃ¡,53,1,2022,2022
"Uber Freight",150,1,2023,2023
Uberflip,31,1,2022,2022
Udacity,55,1,2022,2022
Udayy,100,1,2022,2022
Ula,134,1,2022,2022
Unbabel,80,1,2020,2020
Unbounce,47,1,2022,2022
Uncapped,29,1,2022,2022
Uniphore,76,1,2023,2023
Unison,89,1,2020,2020
"Unstoppable Domains",42,1,2022,2022
UpGrad,120,1,2023,2023
UpScalio,25,1,2023,2023
UPshow,19,1,2020,2020
"Urban Sports Club",55,1,2022,2022
Usermind,15,1,2020,2020
UserTesting,63,1,2023,2023
uShip,65,1,2020,2020
Vacasa,1300,1,2023,2023
Validity,130,1,2020,2020
Varo,75,1,2022,2022
Varonis,110,1,2022,2022
Veem,30,1,2020,2020
Veev,100,1,2022,2022
Vendease,27,1,2022,2022
Venngage,11,1,2023,2023
Verbit,80,1,2022,2022
Verily,250,1,2023,2023
"VerSe Innovation",150,1,2022,2022
VerticalScope,60,1,2023,2023
"Vesalius Therapeutics",29,1,2022,2022
Vesta,56,1,2020,2020
Vezeeta,50,1,2022,2022
Vial,40,1,2023,2023
Viant,46,1,2022,2022
Viber,45,1,2022,2022
VideoAmp,21,1,2020,2022
"VinFast US",80,1,2023,2023
"Virgin Hyperloop",111,1,2022,2022
"Virta Health",65,1,2020,2020
Virtudent,70,1,2020,2020
Vise,25,1,2022,2022
Vouch,15,1,2022,2022
"Voyage SMS",8,1,2022,2022
VSCO,45,1,2020,2020
VTEX,200,1,2022,2022
"Wahoo Fitness",50,1,2022,2022
WalkMe,43,1,2023,2023
"Warby Parker",63,1,2022,2022
Warren,50,1,2022,2022
Wave,300,1,2022,2022
"Wave Sports and Entertainment",56,1,2022,2022
Wayflyer,200,1,2022,2022
Waymo,209,1,2023,2023
Waze,30,1,2020,2020
WazirX,60,1,2022,2022
Wealthsimple,159,1,2022,2022
WeDoctor,500,1,2022,2022
Weedmaps,175,1,2022,2022
Weee!,150,1,2022,2022
Wefox,100,1,2023,2023
"Welkin Health",10,1,2020,2020
"Western Digital",251,1,2022,2022
Westwing,125,1,2022,2022
"When I Work",55,1,2020,2020
WHOOP,95,1,2022,2023
"Wildlife Studios",300,1,2022,2022
Willow,99,1,2022,2022
Wistia,40,1,2022,2022
Wonder,130,1,2022,2022
Wonderschool,50,1,2020,2020
Wonolo,46,1,2020,2020
Wordstream,26,1,2020,2020
Workable,25,1,2020,2020
Workato,90,1,2023,2023
Workday,525,1,2023,2023
Workmotion,60,1,2022,2022
WorkRamp,35,1,2022,2022
Workrise,450,1,2022,2022
Worksmith,30,1,2020,2020
Workstream,45,1,2022,2022
Woven,5,1,2022,2022
Xentral,20,1,2022,2022
Xerpa,10,1,2020,2020
Xiaohongshu,180,1,2022,2022
Yahoo,1600,1,2023,2023
Yellow.ai,200,1,2023,2023
Yojak,140,1,2022,2022
Yonder,18,1,2020,2020
Yotpo,70,1,2022,2022
Zak,100,1,2022,2022
Zego,85,1,2022,2022
Zeitgold,75,1,2020,2020
Zencity,30,1,2022,2022
Zenefits,87,1,2020,2020
Zenius,200,1,2022,2022
Zenoti,17,1,2020,2020
Zipcar,100,1,2020,2020
ZipRecruiter,400,1,2020,2020
Zoom,1300,1,2023,2023
Zoopla,50,1,2022,2022
Zscaler,177,1,2023,2023
Zum,28,1,2020,2020
Zume,200,1,2020,2020
Zumper,45,1,2022,2022
Zwift,150,1,2022,2022
"Included Health",NULL,0,2022,2022
2U,NULL,0,2022,2022
"5B Solar",NULL,0,2022,2022
"80 Acres Farms",NULL,0,2023,2023
98point6,NULL,0,2022,2022
ActiveCampaign,NULL,0,2022,2022
Air,NULL,0,2020,2020
Airlift,NULL,0,2022,2022
"Airy Rooms",NULL,0,2020,2020
Aiven,NULL,0,2023,2023
"Amber Group",NULL,0,2022,2022
Apollo,NULL,0,2022,2022
"Apollo Insurance",NULL,0,2022,2022
"Arch Oncology",NULL,0,2023,2023
Assure,NULL,0,2022,2022
"Atlanta Tech Village",NULL,0,2020,2020
Attentive,NULL,0,2023,2023
"Aura Financial",NULL,0,2021,2021
Automatic,NULL,0,2020,2020
Automox,NULL,0,2022,2022
Avast,NULL,0,2022,2022
Awok,NULL,0,2020,2020
Bakkt,NULL,0,2022,2022
"Bally's Interactive",NULL,0,2023,2023
Baraja,NULL,0,2023,2023
Beamery,NULL,0,2023,2023
"Benitago Group",NULL,0,2022,2022
"Berkeley Lights",NULL,0,2022,2022
BigBear.ai,NULL,0,2022,2022
Bilibili,NULL,0,2022,2022
Bitfront,NULL,0,2022,2022
BitGo,NULL,0,2020,2020
Bitrise,NULL,0,2022,2022
Bizpay,NULL,0,2022,2022
"Blue Apron",NULL,0,2022,2022
"BM Technologies",NULL,0,2023,2023
"Boosted Commerce",NULL,0,2022,2022
Brightline,NULL,0,2022,2022
Brodmann17,NULL,0,2022,2022
"Butterfly Network",NULL,0,2022,2023
Buzzer,NULL,0,2022,2022
Cabin,NULL,0,2020,2020
"Camp K12",NULL,0,2023,2023
Capsule,NULL,0,2022,2022
Carsome,NULL,0,2022,2022
Casavo,NULL,0,2023,2023
"Castlight Health",NULL,0,2020,2020
Cedar,NULL,0,2022,2022
"Change Invest",NULL,0,2022,2022
Change.org,NULL,0,2022,2022
CircleCI,NULL,0,2022,2022
"Circulo Health",NULL,0,2022,2022
Citrix,NULL,0,2023,2023
CloudFactory,NULL,0,2022,2022
Clutter,NULL,0,2020,2020
CoachHub,NULL,0,2023,2023
Codexis,NULL,0,2022,2022
Conga,NULL,0,2020,2020
"Core Scientific",NULL,0,2022,2022
"Corvus Insurance",NULL,0,2023,2023
Creditas,NULL,0,2020,2020
"Cyteir Therapeutics",NULL,0,2023,2023
D2L,NULL,0,2022,2022
DailyPay,NULL,0,2022,2022
Dance,NULL,0,2022,2022
Daraz,NULL,0,2023,2023
Datera,NULL,0,2020,2020
"Deep Instinct",NULL,0,2022,2022
Degreed,NULL,0,2022,2022
DeHaat,NULL,0,2023,2023
"Desktop Metal",NULL,0,2022,2022
Devo,NULL,0,2022,2022
"Digital Surge",NULL,0,2022,2022
Dispatch,NULL,0,2020,2020
"Domino Data Lab",NULL,0,2022,2022
Domio,NULL,0,2020,2020
DriveWealth,NULL,0,2023,2023
"Dude Solutions",NULL,0,2020,2020
Dunzo,NULL,0,2023,2023
"DUX Education",NULL,0,2023,2023
"Earth Rides",NULL,0,2023,2023
"Editas Medicine",NULL,0,2023,2023
Edmodo,NULL,0,2022,2022
"Eight Sleep",NULL,0,2020,2020
Elastic,NULL,0,2022,2022
Element,NULL,0,2022,2022
Elliptic,NULL,0,2020,2020
"Engine eCommerce",NULL,0,2020,2020
Esper,NULL,0,2022,2023
Fandom,NULL,0,2020,2020
Fast,NULL,0,2022,2022
"Faze Medicines",NULL,0,2022,2022
Finder,NULL,0,2023,2023
Fipola,NULL,0,2023,2023
Firework,NULL,0,2022,2022
Fivetran,NULL,0,2022,2022
Flowhub,NULL,0,2022,2022
Flowr,NULL,0,2020,2020
"Flux Systems",NULL,0,2022,2022
"Foresight Insurance",NULL,0,2022,2022
"Frequency Therapeutics",NULL,0,2023,2023
Frubana,NULL,0,2022,2022
FullStory,NULL,0,2022,2022
Gatherly,NULL,0,2022,2022
Gavelytics,NULL,0,2022,2022
GitHub,NULL,0,2023,2023
GloriFi,NULL,0,2022,2022
GoMechanic,NULL,0,2023,2023
GoNuts,NULL,0,2022,2022
GoodGood,NULL,0,2022,2022
"Grove Collaborative",NULL,0,2022,2022
Guidewire,NULL,0,2022,2022
HackerEarth,NULL,0,2023,2023
"Halcyon Health",NULL,0,2022,2022
Haus,NULL,0,2022,2022
Hipcamp,NULL,0,2020,2020
HomeLight,NULL,0,2022,2022
Homeward,NULL,0,2022,2022
HubHaus,NULL,0,2020,2020
Ignite,NULL,0,2022,2022
Ignition,NULL,0,2023,2023
Impact.com,NULL,0,2022,2022
Improbable,NULL,0,2022,2022
Jellyfish,NULL,0,2023,2023
"Jounce Therapeutics",NULL,0,2023,2023
"Juniper Square",NULL,0,2022,2022
Kandela,NULL,0,2023,2023
Kandji,NULL,0,2022,2022
Kaodim,NULL,0,2022,2022
Karbon,NULL,0,2022,2022
Kazoo,NULL,0,2020,2020
Kite,NULL,0,2022,2022
Kune,NULL,0,2022,2022
Lantern,NULL,0,2023,2023
"Le Tote",NULL,0,2020,2020
"Lido Learning",NULL,0,2022,2022
Life360,NULL,0,2023,2023
Limeade,NULL,0,2023,2023
LiveRamp,NULL,0,2022,2022
LiveVox,NULL,0,2023,2023
Locomation,NULL,0,2023,2023
"Lora DiCarlo",NULL,0,2022,2022
"Lucid Diagnostics",NULL,0,2023,2023
"Lumina Networks",NULL,0,2020,2020
Made.com,NULL,0,2022,2022
Madefire,NULL,0,2021,2021
Magnite,NULL,0,2023,2023
MariaDB,NULL,0,2023,2023
Masse,NULL,0,2020,2020
"Match Group",NULL,0,2023,2023
Medium,NULL,0,2022,2022
Medly,NULL,0,2022,2023
Memmo,NULL,0,2022,2022
MeridianLink,NULL,0,2023,2023
MessageBird,NULL,0,2022,2022
Messari,NULL,0,2023,2023
Migo,NULL,0,2020,2020
Milkrun,NULL,0,2023,2023
"Mode Global",NULL,0,2023,2023
"Modern Treasury",NULL,0,2022,2022
"Mojo Vision",NULL,0,2023,2023
"Morning Brew",NULL,0,2022,2022
"Motif Investing",NULL,0,2020,2020
"Mr. Yum",NULL,0,2022,2022
Mudafy,NULL,0,2023,2023
"Mythical Games",NULL,0,2022,2022
NanoString,NULL,0,2022,2022
"National Instruments",NULL,0,2023,2023
Nativo,NULL,0,2020,2020
NCSoft,NULL,0,2023,2023
NCX,NULL,0,2022,2022
Nearmap,NULL,0,2020,2023
Nerdy,NULL,0,2022,2022
Nextiva,NULL,0,2022,2022
NextRoll,NULL,0,2022,2022
"Nirvana Money",NULL,0,2022,2022
Nomad,NULL,0,2022,2022
"Nova Benefits",NULL,0,2022,2022
Nyriad,NULL,0,2022,2022
"Octopus Network",NULL,0,2022,2022
Offerpad,NULL,0,2022,2022
OfferUp,NULL,0,2022,2022
OneStudyTeam,NULL,0,2022,2022
OPay,NULL,0,2020,2020
OpenSea,NULL,0,2022,2022
OpenText,NULL,0,2023,2023
Ouster,NULL,0,2020,2022
"Ozy Media",NULL,0,2021,2021
Paddle,NULL,0,2023,2023
PagerDuty,NULL,0,2023,2023
PagSeguro,NULL,0,2023,2023
Papa,NULL,0,2022,2022
Pastel,NULL,0,2022,2022
Pebblepost,NULL,0,2020,2020
Peerfit,NULL,0,2020,2020
"Perceptive Automata",NULL,0,2022,2022
Personalis,NULL,0,2023,2023
Pesto,NULL,0,2022,2022
PhableCare,NULL,0,2023,2023
PicoBrew,NULL,0,2020,2020
Plerk,NULL,0,2022,2022
"Plus One Robotics",NULL,0,2023,2023
Podium,NULL,0,2022,2022
Popin,NULL,0,2020,2020
Poshmark,NULL,0,2023,2023
"Prime Trust",NULL,0,2023,2023
Prisma,NULL,0,2023,2023
Propzy,NULL,0,2022,2022
Prosus,NULL,0,2023,2023
"Protego Trust Bank",NULL,0,2023,2023
Purse,NULL,0,2020,2020
Qin1,NULL,0,2022,2022
"Quantum SI",NULL,0,2023,2023
Quibi,NULL,0,2020,2020
Qwick,NULL,0,2020,2020
Reach,NULL,0,2022,2022
"Rebel Foods",NULL,0,2023,2023
Redbubble,NULL,0,2023,2023
RedDoorz,NULL,0,2020,2020
"Rent the Runway",NULL,0,2022,2022
"Rigetti Computing",NULL,0,2023,2023
Ro,NULL,0,2022,2022
Roofstock,NULL,0,2022,2022
Rubica,NULL,0,2020,2020
"Rubicon Technologies",NULL,0,2022,2022
SADA,NULL,0,2022,2022
Sana,NULL,0,2022,2022
"Sana Benefits",NULL,0,2023,2023
Sayurbox,NULL,0,2022,2022
"Scale AI",NULL,0,2023,2023
Scoro,NULL,0,2023,2023
SendCloud,NULL,0,2022,2022
Sendoso,NULL,0,2022,2022
Service,NULL,0,2020,2020
Sezzle,NULL,0,2022,2022
ShipBob,NULL,0,2022,2022
ShopX,NULL,0,2022,2022
Side,NULL,0,2022,2022
Simple,NULL,0,2021,2021
Snapdocs,NULL,0,2022,2022
Solarisbank,NULL,0,2022,2022
SonderMind,NULL,0,2022,2022
Sorabel,NULL,0,2020,2020
SoundCloud,NULL,0,2022,2022
Springlane,NULL,0,2022,2022
"SQZ Biotech",NULL,0,2022,2022
Starship,NULL,0,2022,2022
"Stockwell AI",NULL,0,2020,2020
StoryBlocks,NULL,0,2022,2022
Strava,NULL,0,2022,2022
StyleSeat,NULL,0,2022,2022
Subspace,NULL,0,2022,2022
Sundae,NULL,0,2022,2022
SuperLearn,NULL,0,2022,2022
SuperRare,NULL,0,2023,2023
SweetEscape,NULL,0,2020,2020
Symend,NULL,0,2022,2022
Synlogic,NULL,0,2022,2022
Tackle,NULL,0,2023,2023
"Talis Biomedical",NULL,0,2022,2022
Talkwalker,NULL,0,2022,2022
Tesla,NULL,0,2022,2022
"The Modist",NULL,0,2020,2020
Tray.io,NULL,0,2022,2022
Tricida,NULL,0,2022,2022
"Truck It In",NULL,0,2022,2022
Turntide,NULL,0,2022,2022
TwinStrand,NULL,0,2022,2022
Udemy,NULL,0,2023,2023
"Una Brands",NULL,0,2022,2022
"Unchained Capital",NULL,0,2022,2022
Vanta,NULL,0,2022,2022
"Vedanta Biosciences",NULL,0,2022,2022
Vendasta,NULL,0,2022,2022
"Vibrent Health",NULL,0,2023,2023
"Vicarious Surgical",NULL,0,2023,2023
Vimeo,NULL,0,2022,2023
"Volt Bank",NULL,0,2022,2022
Volta,NULL,0,2022,2022
Voly,NULL,0,2022,2022
Wallbox,NULL,0,2023,2023
Wavely,NULL,0,2022,2022
WeFit,NULL,0,2020,2020
WeTrade,NULL,0,2023,2023
Whispir,NULL,0,2022,2022
WhyHotel,NULL,0,2020,2020
Wyre,NULL,0,2023,2023
Xendit,NULL,0,2022,2022
Yabonza,NULL,0,2022,2022
Yext,NULL,0,2023,2023
YourGrocer,NULL,0,2022,2022
Zapp,NULL,0,2022,2022
Zappos,NULL,0,2022,2022
ZenLedger,NULL,0,2022,2022
Zepto,NULL,0,2022,2022
Zhihu,NULL,0,2022,2022
Ziroom,NULL,0,2022,2022
Zola,NULL,0,2020,2020
Zoomo,NULL,0,2022,2022
Zuora,NULL,0,2022,2022
